{"cameraMode":{"drawMode":0,"name":"Shaded","section":"Shading Mode"},"sceneLighting":true,"audioPlay":false,"sceneViewState":{"m_AlwaysRefresh":true,"showFog":true,"showSkybox":true,"showFlares":true,"showImageEffects":true,"showParticleSystems":true,"showVisualEffectGraphs":true,"m_FxEnabled":true},"in2DMode":false,"pivot":{"x":3.3101460933685304,"y":5.477693557739258,"z":0.02260606922209263},"rotation":{"x":0.009309296496212483,"y":0.011995322071015835,"z":-0.0001251560024684295,"w":0.9998988509178162},"size":11.124367713928223,"orthographic":false}