{"cameraMode":{"drawMode":0,"name":"Shaded","section":"Shading Mode"},"sceneLighting":true,"audioPlay":false,"sceneViewState":{"m_AlwaysRefresh":true,"showFog":true,"showSkybox":true,"showFlares":true,"showImageEffects":true,"showParticleSystems":true,"showVisualEffectGraphs":true,"m_FxEnabled":true},"in2DMode":false,"pivot":{"x":-0.3308092951774597,"y":-0.4125724136829376,"z":0.00025288635515607893},"rotation":{"x":0.009309296496212483,"y":0.011995322071015835,"z":-0.0001251560024684295,"w":0.9998988509178162},"size":2.5870022773742677,"orthographic":false}