{"cameraMode":{"drawMode":0,"name":"Shaded","section":"Shading Mode"},"sceneLighting":false,"audioPlay":false,"sceneViewState":{"m_AlwaysRefresh":true,"showFog":true,"showSkybox":false,"showFlares":true,"showImageEffects":true,"showParticleSystems":true,"showVisualEffectGraphs":true,"m_FxEnabled":true},"in2DMode":false,"pivot":{"x":-84.09446716308594,"y":-23.988191604614259,"z":-6.9796223640441898},"rotation":{"x":0.025805091485381128,"y":0.013491027057170868,"z":-0.0003617390466388315,"w":0.9995898604393005},"size":215.7935791015625,"orthographic":false}